{
 "params": {
  "R": 0.6400000000000001,
  "q": 0.00025,
  "qProj": 3.75e-05
 },
 "input": {
  "days": [
   0.0,
   1.0,
   3.0,
   4.0,
   7.0,
   8.0,
   9.0,
   11.0,
   13.0,
   14.0,
   15.0,
   16.0,
   17.0,
   18.0,
   20.0,
   21.0,
   23.0,
   25.0,
   26.0,
   28.0,
   29.0,
   31.0,
   32.0,
   34.0,
   35.0,
   37.0,
   38.0,
   40.0,
   41.0,
   42.0,
   43.0,
   45.0,
   46.0,
   47.0,
   48.0,
   49.0,
   50.0,
   51.0,
   52.0,
   53.0,
   54.0,
   57.0,
   58.0,
   59.0
  ],
  "obs": [
   90.3296026607372,
   89.90616465548912,
   88.87692868850095,
   88.79901168520382,
   88.07814692504166,
   87.56098688319535,
   87.12773829484392,
   88.02885457844582,
   87.07998425505815,
   87.6458722500469,
   86.50133401468243,
   85.85046376103756,
   86.38193474071339,
   86.17935707053655,
   86.51747057397442,
   87.14311808519462,
   86.00212435834227,
   85.19074967190225,
   86.9876501109952,
   85.16743408768953,
   85.58105265586113,
   84.24861130680816,
   84.59137111555029,
   83.63400609630486,
   83.53722703771807,
   84.48774688372058,
   84.34478867991855,
   85.0103435485689,
   84.75054959468079,
   83.96859748371318,
   83.08196482054579,
   83.07422301516266,
   83.19065203447026,
   83.92511289560235,
   84.41684046905895,
   84.46139865267041,
   82.13137632286679,
   82.03580329004973,
   81.88436715501832,
   81.88828772155168,
   82.39720151389042,
   82.88325848215722,
   82.67897737451504,
   83.73215686100312
  ]
 },
 "ideal": {
  "start": 90.3296026607372,
  "goal": 80.0,
  "prepDays": 119,
  "values": [
   90.3296026607372,
   90.05330854966289,
   89.78406349091355,
   89.52168764302068,
   89.26600575278555,
   89.0168470382193,
   88.77404507446968,
   88.53743768265802,
   88.30686682155225,
   88.0821784820038,
   87.86322258407753,
   87.64985287680639,
   87.44192684050337,
   87.239305591566,
   87.04185378970934,
   86.84943954756592,
   86.66193434259186,
   86.47921293122067,
   86.30115326520716,
   86.12763641010561,
   85.95854646582788,
   85.79377048922834,
   85.63319841866368,
   85.47672300047768,
   85.32423971736137,
   85.17564671854099,
   85.0308447517471,
   84.88973709691925,
   84.75222950160216,
   84.61823011799,
   84.48764944157693,
   84.36040025137285,
   84.23639755164434,
   84.11555851514206,
   83.99780242777643,
   83.88305063470504,
   83.77122648779519,
   83.66225529442714,
   83.55606426760328,
   83.45258247733032,
   83.35174080324184,
   83.25347188842942,
   83.15771009445189,
   83.06439145749228,
   82.97345364563338,
   82.88483591722333,
   82.79847908030334,
   82.71432545307066,
   82.63231882535018,
   82.55240442104899,
   82.4745288615688,
   82.39864013015195,
   82.32468753713685,
   82.2526216861001,
   82.18239444086217,
   82.11395889333505,
   82.0472693321901,
   81.98228121232528,
   81.91895112511142,
   81.85723676939753,
   81.79709692325584,
   81.73849141644777,
   81.68138110359232,
   81.62572783801902,
   81.57149444628797,
   81.51864470335995,
   81.46714330840003,
   81.41695586119842,
   81.36804883919301,
   81.32038957507804,
   81.27394623498407,
   81.22868779721465,
   81.18458403152543,
   81.14160547893202,
   81.09972343203286,
   81.05890991583428,
   81.0191376690646,
   80.98038012596513,
   80.94261139854555,
   80.90580625929222,
   80.86994012431738,
   80.83498903693855,
   80.8009296516767,
   80.76773921866263,
   80.73539556844133,
   80.70387709716398,
   80.67316275215762,
   80.64323201786318,
   80.61406490213211,
   80.58564192287271,
   80.5579440950371,
   80.53095291794024,
   80.50465036290242,
   80.47901886120708,
   80.4540412923658,
   80.4297009726828,
   80.40598164411097,
   80.38286746339251,
   80.3603429914764,
   80.3383931832059,
   80.3170033772692,
   80.2961592864065,
   80.2758469878668,
   80.25605291410827,
   80.2367638437358,
   80.21796689266993,
   80.19964950554083,
   80.18179944730205,
   80.16440479505815,
   80.14745393010078,
   80.1309355301481,
   80.11483856178198,
   80.09915227307836,
   80.08386618642548,
   80.06897009152537,
   80.05445403857398,
   80.04030833161514,
   80.0265235220643,
   80.01309040239722,
   80.0
  ]
 },
 "expected": {
  "trend": [
   89.35152810198595,
   89.19996556228261,
   88.88750496481411,
   88.72787608077641,
   88.24337660390704,
   88.0822623662765,
   87.92238378013468,
   87.60767513329392,
   87.30074185003208,
   87.15076314622368,
   87.00342201486258,
   86.85902822695249,
   86.71772737333026,
   86.57934784831608,
   86.30982374037421,
   86.17771307453869,
   85.91708063845714,
   85.66081276541298,
   85.53423988250155,
   85.28424305222063,
   85.16146236149963,
   84.92225137215297,
   84.80673193205023,
   84.58524322577819,
   84.47951355143027,
   84.27694908816001,
   84.17899755491997,
   83.98716462142349,
   83.89244143586886,
   83.79832650477636,
   83.70506112243926,
   83.52213156850011,
   83.43269718328625,
   83.34459069791578,
   83.2577053422533,
   83.17214523019788,
   83.0884380639381,
   83.00746044456069,
   82.92986041516436,
   82.85590260845592,
   82.78545313858216,
   82.58968094472515,
   82.52743137056066,
   82.46568637770503
  ],
  "trendSd": [
   0.36980003084036617,
   0.34258340679084387,
   0.29645776068107554,
   0.2776533862479859,
   0.23707727650483443,
   0.22816967975104246,
   0.2211811280760097,
   0.2117576113346487,
   0.20663707817048535,
   0.2052300286147334,
   0.20443993880632463,
   0.20416596367245132,
   0.2043070362983164,
   0.2047570567495728,
   0.20613371257558183,
   0.20688836258702026,
   0.20821846205117744,
   0.20905950787367789,
   0.20929366258580964,
   0.2094342660577167,
   0.2093588473799342,
   0.20894423685607674,
   0.2086062601042765,
   0.20764814663300338,
   0.2070128658043272,
   0.20539156407257053,
   0.20439832968227556,
   0.20208401599839104,
   0.20081516393287022,
   0.1995426750077208,
   0.19832068213676177,
   0.1963156613736848,
   0.19581840113271723,
   0.19596695440340647,
   0.19705958116852576,
   0.1994469637043141,
   0.20352475209231335,
   0.20971514996143442,
   0.21843765726430722,
   0.2300733348483594,
   0.24493042548167865,
   0.3105381770393423,
   0.3397257801929109,
   0.3725784426734542
  ],
  "slopeFilteredEnd": -0.06166254035021854,
  "slopeRobust": -0.08196224568730053,
  "Pend": [
   [
    0.1388146959449764,
    0.012905718012091389
   ],
   [
    0.012905718012091387,
    0.0025100756626902673
   ]
  ],
  "goalEta": 90
 }
}